Nu.,word
1,abandon
2,Abate 
3,Abhor 
4,Abide 
5,abolish 
6,abroad
7,abrupt
8,Absorb 
9,absurd
10,Abundant
11,abuse
12,Abuse 
13,accelerate
14,accentuate
15,acceptable
16,acclaim
17,Acclimate 
18,account
19,accurate
20,acknowledge
21,acquire
22,actually
23,Adage 
24,adequate 
25,Adolescent 
26,advanced
27,advantage
28,advent
29,adverse
30,advice
31,Aegis 
32,Affluent 
33,affordable
34,aggravating
35,agile
36,agitate
37,albeit
38,Alleviate 
39,allocation
40,allow
41,alter
42,alter 
43,Altercation 
44,amateur 
45,amaze
46,ambiguous
47,Amend 
48,amenity
49,ample
50,amusement
51,analogous
52,analyze
53,ancient
54,annoying
55,annual
56,anticipate
57,Anticipate 
58,antiquated
59,Antithesis 
60,apparent
61,Appeal 
62,appealing
63,Appoint 
64,approach 
65,appropriate
66,approximately
67,aptly
68,arbitrary
69,archaic
70,Architect 
71,arid
72,assemble 
73,assert
74,assimilate
75,assortment
76,astounding
77,astute
78,Atheist
79,Attract
80,attractive
81,audible 
82,Authority
83,authorize
84,autonomous
85,Avid 
86,avoid
87,Avoid 
88,Aware
89,Awesome
90,Awkward
91,bachelor
92,baffle
93,Baffle 
94,Baggage 
95,balanced
96,Ban
97,bear
98,Beckon 
99,Belligerent 
100,Beneficiary
101,benefit
102,Benevolent 
103,Benign 
104,Betray 
105,bewildered
106,Bizarre 
107,blend 
108,blind
109,block
110,Blunder
111,blur
112,brawl 
113,briefly
114,brilliant
115,broaden
116,brutal
117,bulky
118,burgeon
119,Cajole 
120,Calamity
121,Calculate
122,caliber
123,campus
124,Cancel 
125,Candor 
126,Capacity
127,capsule
128,Captive
129,casual
130,Caustic 
131,caution
132,Cautious
133,Cease 
134,celebrated
135,century 
136,challenge
137,challenge 
138,chaotic
139,characteristic
140,charisma
141,chiefly
142,Chronological 
143,Cinema
144,circulate
145,circulate 
146,Clandestine 
147,clarify
148,classify
149,clever
150,Clich√© 
151,client 
152,coarse
153,Coerce 
154,coherent
155,Coherent 
156,Coincide
157,Collapse 
158,Colleague
159,Collide
160,commence 
161,Commend 
162,commonplace
163,comparatively
164,compel
165,Compel 
166,compete 
167,Complacent
168,complex
169,"Comprehend , "
170,comprehensive 
171,conceal
172,conceivably
173,conclude 
174,condensed
175,Condone 
176,Confident
177,confidential
178,Confine
179,confirm
180,conflict
181,conform
182,Connive 
183,conscientious
184,consent
185,conservation
186,Consider
187,consistently
188,conspicuously
189,constantly
190,contaminated
191,contemporary
192,contradictory
193,controversial
194,convenient
195,conventional
196,convert
197,convey
198,convince
199,core
200,Corpulent 
201,Covert 
202,crack
203,Crafty 
204,create
205,creep
206,Criterion 
207,critical
208,crucial
209,crush
210,Culpable 
211,Culprit
212,cultivate
213,curative
214,curious
215,currency
216,Cursory 
217,Customary 
218,data
219,Daze
220,debate 
221,debilitating
222,Debtor
223,decade 
224,Decadent 
225,deceive 
226,deceptively
227,decline
228,decrease 
229,deep
230,defect
231,Defiant
232,defraud 
233,defy
234,Dejected
235,Deliberate
236,delicate
237,delighted
238,Delinquent
239,demand
240,demonstration
241,denounce
242,dense
243,dense 
244,Depart
245,depend on
246,Depict
247,deplete
248,Deprive
249,descend 
250,Despite
251,destroy
252,detect
253,detect 
254,determined
255,Detest
256,Detour
257,develop
258,Devious 
259,devise 
260,Devour 
261,dictate
262,dignitary
263,Digress 
264,Dilemma
265,dim
266,Diminish
267,disapproval
268,Disaster
269,Discard
270,discernible
271,Disclose
272,discreetly
273,disguise
274,disperse
275,display
276,Dispute
277,disregard
278,Disrupt
279,disruptive
280,distinct
281,distinguish
282,distort
283,Distress
284,distribute
285,diverse
286,document 
287,documented
288,dominate
289,dormant
290,Dormant 
291,Doubt
292,drab
293,dramatic
294,dread 
295,Drench
296,Drought
297,duplicate 
298,durable
299,Duress 
300,dwelling
301,Dwindle 
302,editor 
303,Egotist 
304,elaborate
305,element
306,elementary
307,Elevate
308,elicit
309,eliminate
310,eliminate 
311,elude
312,Elusive 
313,Embrace
314,Emerge
315,emphasize
316,employee
317,Emulate 
318,enact
319,encircle
320,encompass
321,encourage
322,endorse
323,endure
324,Endure 
325,energetic
326,enhance
327,enormous
328,enormous 
329,enrich
330,entirely
331,"Envy ,"
332,Epidemic 
333,erode
334,erratic
335,essential
336,Estimate
337,Eulogy 
338,evade 
339,evaporate
340,even
341,Event
342,evidence 
343,evident
344,Exacerbate  
345,exaggerate
346,exaggerate 
347,exceedingly
348,excel
349,exceptional
350,Excessive
351,exclusively
352,exemplify
353,Exempt
354,exhaust
355,Exhaust 
356,exhibit
357,Exhort 
358,expand
359,expansion
360,Expedite 
361,expensive 
362,explore 
363,exports
364,Expose 
365,extensive
366,extremely
367,fabricate
368,face
369,facet
370,fallacious
371,Fallacious 
372,famine 
373,favor
374,feasible
375,Feeble 
376,feign
377,feminine 
378,fertile
379,fiction 
380,Fierce
381,Final
382,finance
383,finite
384,flaw
385,Flee
386,flexible 
387,flourishing
388,forbid
389,forfeit
390,formidable
391,fortunate 
392,found
393,Fracas 
394,Fragile
395,frail
396,frank 
397,frequent
398,freshly
399,Fugitive 
400,function
401,fundamental
402,Furtive 
403,gain
404,gallant
405,Garrulous 
406,gather
407,generate
408,Gesticulate 
409,gigantic
410,Glance
411,gleam 
412,glimpse 
413,gloomy
414,gradually
415,Grateful
416,gratifying
417,Guide 
418,halt
419,handle
420,haphazardly
421,harbor
422,hardship
423,harmful
424,Harsh 
425,harvest
426,hasten
427,Hasty
428,hazardous
429,hazy
430,Heed
431,heighten
432,Heir 
433,hero
434,hesitate 
435,Heterogeneous 
436,highlight
437,Hinder
438,Homicide
439,Horrid
440,hue
441,humid 
442,ideal
443,identify
444,Idle
445,ignite 
446,ignore 
447,Illegal
448,illustration
449,Imbibe 
450,immense
451,Impasse 
452,Impeccable 
453,impressive
454,improperly
455,impulsively
456,inaccessible
457,inactive
458,inadvertently
459,Incarcerate 
460,Incriminate 
461,Incumbent 
462,indeed
463,Indifference
464,Indigent 
465,indiscriminate
466,Indolent 
467,Inept 
468,inevitable
469,infancy
470,influence
471,infrequently
472,Ingenious 
473,ingredients
474,initiate
475,Innocuous 
476,innovative
477,innovative 
478,inordinate
479,insignificant
480,Insolent 
481,instantly
482,intensify
483,intentionally
484,interoret
485,intolerable
486,Intrepid 
487,intricate
488,intrigue
489,intrinsic
490,intrusive
491,inundate
492,Inundate 
493,investigation
494,involuntarily
495,involve
496,Irrelevant 
497,isolated
498,Itinerary 
499,Jagged
500,jealous
501,Jeopardize
502,Jest
503,Jolly 
504,journalist 
505,Judicious 
506,Justice
507,Juvenile
508,keen 
509,Keg
510,Kneel 
511,lack
512,Lament 
513,lasting
514,launch
515,Lecture
516,Legible
517,legitimate
518,Lethargy 
519,limber
520,Linger
521,Logical 
522,Lucid 
523,Lucrative 
524,Ludicrous 
525,Lunatic
526,Magnanimous 
527,Magnify
528,magnitude
529,Maim
530,maintain
531,Maintain 
532,Majestic
533,majority 
534,Malevolent 
535,marvel
536,masculine 
537,massive 
538,Matrimony
539,mature 
540,Maximum
541,means
542,measurable
543,Medicate 
544,mediocre
545,menace 
546,mention
547,"Merit ,"
548,Metaphor 
549,Meticulous 
550,migrate 
551,Militant 
552,miniature 
553,minimum
554,minority 
555,minuscule
556,miraculously
557,mirror
558,Miserly
559,Misfortune
560,moderate
561,molest
562,Monarch
563,Morality 
564,Morbid 
565,Morsel
566,Mortal 
567,motion
568,mount
569,Mourn
570,Multitude 
571,Mumble
572,Mundane 
573,Mute
574,mysterious
575,narrate
576,narrow
577,Nefarious 
578,Negative 
579,neglect
580,negligible
581,Nemesis 
582,Neutral
583,nevertheless
584,Nimble 
585,Nomad 
586,nominal
587,Nominate
588,Nonchalant 
589,normally
590,Nostalgia 
591,notice
592,notion
593,Nourish
594,novel
595,Novel 
596,numerous
597,oath
598,Obedient
599,Obesity 
600,oblige
601,Oblivion 
602,observant 
603,observe
604,Obsolete 
605,Obstacle 
606,obtain
607,obvious 
608,obviously
609,occasionally
610,odd
611,Odious 
612,omit
613,Omnipotent 
614,ongoing
615,Onus 
616,opponent
617,opposition
618,Opt 
619,oral
620,Ostensible 
621,outlandish
622,"Outlaw , "
623,overcome
624,overlook
625,overtly
626,Pacify
627,Panacea 
628,Panic
629,Paradox 
630,parallel
631,Pariah 
632,Parole 
633,Parsimonious 
634,Partial
635,partially
636,particle
637,particular
638,partisan
639,pass
640,Patriotic
641,pattern
642,Paucity 
643,Pauper
644,peculiar
645,Pedestrian
646,Penalize
647,Penetrate
648,Penitent 
649,Pensive  
650,perceive
651,perilous
652,periodically
653,Perish 
654,Perjury 
655,persist 
656,persistent
657,persuade
658,persuade 
659,Peruse 
660,petition
661,phenomena
662,philanthropic
663,Phlegmatic
664,pier
665,Pierce 
666,pioneer 
667,Placard
668,placid
669,Plagiarize 
670,Plausible 
671,Plea 
672,pledge 
673,plentiful
674,poll
675,pollute 
676,Ponder
677,popular
678,population 
679,portray
680,position
681,Possible
682,Posthumous 
683,postpone
684,postpone 
685,potent
686,Potpourri 
687,practical
688,precarious
689,Precaution
690,Precede 
691,precious
692,Precocious 
693,preconception
694,predict
695,predictably
696,predominant
697,Preoccupied 
698,preserve 
699,presumably
700,prevalent
701,prime
702,Prior
703,probe 
704,Proceed
705,Procrastinate 
706,profoundly
707,Prognosticate 
708,prohibit 
709,Prolific 
710,prominent
711,promote
712,Promote 
713,prompt
714,prone
715,prophetic
716,proportions
717,propose
718,Prosecute 
719,Prosper 
720,prosperous
721,Provide
722,purposefully
723,pursue 
724,qualify
725,Quandary 
726,Quantity 
727,Quarter
728,Quench 
729,Quote
730,Rabid 
731,radiant
732,Radical
733,rage 
734,Rapid 
735,Rarely
736,Rave
737,reaction
738,readily
739,Recede
740,recent
741,Reckless 
742,record
743,recover
744,Redeem
745,Refer
746,refine
747,reflection
748,reform 
749,Refrain 
750,Rehabilitate
751,reject
752,relate
753,release
754,reliably
755,Relieve 
756,relinquish
757,reluctant 
758,reluctantly
759,remarkable
760,Rendezvous 
761,renown
762,replace
763,reportedly
764,requisite
765,Rescind 
766,resent 
767,Resign 
768,resilient
769,resist 
770,Respond
771,restore
772,Resume
773,Retain
774,retrieve
775,reveal
776,reveal 
777,revise
778,revive 
779,rhythm
780,ridge
781,rigid
782,rival
783,Roam
784,robust
785,routinely
786,rudimentary
787,rural
788,sacred 
789,sacrifice
790,Sanguine 
791,scarce
792,scarcely
793,scattered
794,scenic
795,Scorch
796,Scowl
797,security
798,security 
799,selective
800,sensitive
801,settle
802,severe
803,Severity
804,shallow
805,sharply
806,shed
807,sheltered
808,shift
809,Shrill 
810,Signify 
811,Simile 
812,Site 
813,situated
814,Skeptic 
815,Skim 
816,Slander 
817,Slender
818,Sneer 
819,Snub 
820,Soar
821,solid
822,solitary
823,solve
824,somewhat
825,Soothe
826,source 
827,spacious
828,span
829,spontaneous
830,Spontaneous 
831,sporadic
832,Sporadic 
833,Spouse 
834,Squander
835,Stationary
836,steady
837,stream
838,striking
839,submit
840,Subsequent
841,subsequently
842,Subside
843,substantial
844,suffer
845,sufficiently
846,suitable
847,Summit 
848,superficial
849,Superficial 
850,superior
851,supposedly
852,Surpass 
853,Surplus
854,survive 
855,suspect
856,sustained
857,swift
858,symbol
859,Sympathetic
860,synthesis
861,systematically
862,Taciturn 
863,tact
864,talent
865,tangible
866,tedious
867,Temperate
868,Tempest 
869,tempt
870,tendency 
871,terrifying
872,Terse 
873,theoretically
874,theory 
875,thorough
876,Threat 
877,Thrifty
878,thrust
879,Thwart 
880,tightly
881,Toil 
882,topic 
883,Torment
884,torrent
885,toxic
886,tradition
887,Tragedy
888,Traitor
889,tranquility
890,Transmit 
891,Transparent
892,transport
893,trap
894,treasury
895,Trifle 
896,Trite 
897,triumph
898,Tumult
899,typical
900,Tyrant
901,unaccustomed 
902,unanimous 
903,unbiased
904,undeniable 
905,undeniably
906,underdog
907,underestimate 
908,underestimated
909,"Undernourished ,"
910,undoubtedly
911,Unearth
912,Uneasy
913,Uneventful 
914,unforeseen
915,uniform
916,Unify
917,unique
918,Unite 
919,unlikely
920,unmistakable
921,unravel
922,unruly
923,Unstable
924,Untidy
925,unwarranted
926,Upholstery 
927,urban 
928,urgent 
929,utilize 
930,Utopia 
931,Utter 
932,vacant
933,Vaccinate
934,Vacillate 
935,vague
936,Vain
937,Valiant
938,valid 
939,Valor 
940,Vandal
941,vanish
942,vanishing
943,vapor
944,varied
945,variety
946,vast
947,"Vein ,"
948,Ventilate
949,Venture
950,Verbose 
951,Verdict
952,Vertical 
953,vessel
954,vibrant
955,vicinity 
956,vicious 
957,victorious 
958,vigorous
959,villain 
960,Vindicate 
961,violent
962,visible
963,visibly
964,vision 
965,vital
966,Vital 
967,Vocation
968,Volatile                                          
969,volume
970,Wad 
971,Wail
972,wanton
973,Warden
974,Wary 
975,Wasp
976,weak
977,Weary
978,weird
979,whirling
980,whole sale 
981,wide
982,widespread
983,wisdom
984,withstand
985,witticism
986,"Witty ,"
987,woo
988,worthwhile
989,Wrath 
990,Wretched
991,zenith